Institution,BuildingId,FloorNumber,Average Number of Residents,Previously infected (%),Vaccine coverage (%),Population immunity (%)
1,-913305970,1,8,81,88,100
1,-913303842,1,5,91,96,100
1,-913288370,1,13,70,78,91
1,-426688450,1,103,77,83,95
1,-426688450,2,96,81,79,94
1,-426685378,1,108,73,87,91
1,-426685378,2,99,65,94,96
1,-426684866,1,103,76,87,94
1,-426684866,2,97,79,89,96
1,-426684610,1,145,61,79,90
1,-409973026,1,18,62,96,96
1,-409898690,1,36,50,71,82
1,-409898690,2,40,57,70,85
1,-409895874,1,102,55,82,87
1,-409895874,2,89,66,75,89
1,-409895362,1,141,56,78,87
1,-409895106,1,97,62,79,88
1,-409895106,2,91,69,84,90
1,-124760354,1,30,70,80,90
1,-124673986,1,90,49,79,88
1,-124673986,2,87,41,95,96
1,-124670914,1,111,43,86,89
1,-124670914,2,96,50,86,91
1,-124670402,1,106,70,85,94
1,-124670402,2,97,71,92,96
1,-124670146,1,143,69,87,94
1,-107983138,1,19,92,62,98
1,-107917250,1,97,57,82,87
1,-107917250,2,91,65,84,87
1,-107914178,1,105,53,83,89
1,-107914178,2,90,58,85,91
1,-107913666,1,22,97,76,100
1,-107913666,2,47,100,87,100
1,-107913410,1,137,51,79,84
1,-91127746,1,99,77,81,95
1,-91127746,2,87,79,84,95
1,-91127490,1,143,59,79,87
1,-91124674,1,99,87,93,98
1,-91124674,2,89,88,91,97
1,-91124162,1,107,60,79,89
1,-91124162,2,95,69,93,95
1,-74338242,1,91,69,78,92
1,-74338242,2,76,71,77,90
1,-74335170,1,106,78,92,96
1,-74335170,2,88,79,93,98
1,-74334658,1,102,68,80,92
1,-74334658,2,92,81,83,97
1,-74334402,1,137,53,79,90
2,-426676978,1,114,54,78,88
2,-426676978,2,116,50,77,89
2,-426676962,1,112,52,69,84
2,-426676962,2,114,60,67,83
2,-426676946,1,110,52,76,84
2,-426676946,2,118,58,78,88
2,-426676738,1,114,55,79,89
2,-426676738,2,117,55,73,85
2,-409899746,1,26,59,74,87
2,-409899746,2,27,51,64,81
2,-409899730,1,60,41,70,80
2,-409899730,2,70,40,65,77
2,-107909874,1,118,43,81,87
2,-107909874,2,118,42,77,85
2,-107909858,1,109,55,80,90
2,-107909858,2,115,56,78,89
2,-107909842,1,109,40,77,87
2,-107909842,2,105,41,72,85
2,-107909634,1,112,47,80,89
2,-107909634,2,117,44,78,89
3,-913303842,1,4,45,98,99
3,-913288370,1,12,37,90,91
3,-913087122,1,1,0,100,100
3,-829330130,1,53,35,80,85
3,-426676978,1,73,31,81,83
3,-426676978,2,65,31,80,84
3,-426676962,1,67,18,82,88
3,-426676962,2,71,18,85,87
3,-426676946,1,68,30,78,83
3,-426676946,2,73,23,79,85
3,-426676754,1,9,27,74,83
3,-426676754,2,10,33,68,79
3,-426676738,1,69,21,88,91
3,-426676738,2,70,13,87,88
3,-409899762,1,67,24,88,92
3,-409899762,2,69,19,86,90
3,-409899746,1,72,20,86,89
3,-409899746,2,72,20,86,87
3,-409899730,1,67,32,82,92
3,-409899730,2,76,26,91,96
3,-409899538,1,9,75,83,96
3,-409899538,2,9,81,78,95
3,-409899522,1,72,31,87,90
3,-409899522,2,69,22,86,91
3,-208662898,1,8,44,99,99
3,-208660770,1,1,0,100,100
3,-208573154,1,47,32,63,73
3,-208573138,1,49,23,65,72
3,-124687090,1,82,49,82,86
3,-124687090,2,79,65,89,92
3,-124687074,1,79,51,86,90
3,-124687074,2,80,68,86,93
3,-124687058,1,84,29,85,90
3,-124687058,2,75,32,82,84
3,-124686866,1,35,27,56,67
3,-124686866,2,26,20,54,58
3,-124686850,1,81,63,85,92
3,-124686850,2,70,71,92,94
3,-107909874,1,67,41,83,90
3,-107909874,2,73,35,91,94
3,-107909858,1,71,39,80,86
3,-107909858,2,62,46,84,90
3,-107909842,1,57,31,70,78
3,-107909842,2,44,29,77,83
3,-107909650,1,69,47,89,95
3,-107909650,2,73,51,86,90
3,-107909634,1,70,33,82,86
3,-107909634,2,69,41,83,90
4,-968594130,1,38,60,84,91
4,-967480018,1,37,56,91,95
4,-967414482,1,36,46,82,92
4,-967348946,1,36,63,84,96
4,-967283410,1,60,49,80,90
4,-967152338,1,40,37,82,89
4,-965907154,1,37,69,78,92
4,-965317330,1,41,45,88,94
4,-965055186,1,49,44,87,93
4,-964989650,1,32,70,87,97
4,-964924114,1,38,59,80,96
4,-964858578,1,38,55,88,92
4,-960991954,1,36,58,88,95
4,-960926418,1,37,50,85,92
4,-913303842,1,1,87,96,100
4,-913288370,1,5,62,73,85
4,-426676946,1,330,72,76,90
4,-426676946,2,354,63,76,88
4,-208662898,1,9,83,89,94
4,-208575826,1,14,61,65,84
4,-208575810,1,13,60,66,84
4,-208575794,1,15,54,80,85
4,-208575218,1,20,45,71,77
4,-208575202,1,11,57,77,86
4,-208575186,1,13,63,78,87
4,-208575170,1,17,33,61,71
4,-208575010,1,19,20,54,61
4,-208574994,1,21,39,58,69
4,-208574978,1,16,36,63,69
4,-107983138,1,16,100,73,100
4,-107909874,1,42,55,66,83
4,-107909874,2,42,50,70,83
4,-107909858,1,79,53,84,93
4,-107909858,2,77,55,72,88
4,-107909842,1,81,64,72,91
4,-107909842,2,79,65,74,93
4,-107909650,1,69,37,61,72
4,-107909650,2,64,37,66,78
4,-107909634,1,44,58,77,88
4,-107909634,2,30,52,70,85
5,-913305970,1,4,22,96,96
5,-426764578,1,2,49,97,100
5,-426749106,1,6,46,81,92
5,-426676978,1,49,42,83,88
5,-426676978,2,47,38,76,83
5,-426676962,1,47,38,87,92
5,-426676962,2,46,43,88,95
5,-426676946,1,48,43,85,91
5,-426676946,2,43,46,77,86
5,-426676802,1,34,46,79,85
5,-426676802,2,41,41,82,88
5,-426676786,1,29,42,72,83
5,-426676786,2,26,52,72,91
5,-426676770,1,48,45,76,83
5,-426676770,2,43,49,72,82
5,-426676754,1,48,48,87,91
5,-426676754,2,46,39,90,92
5,-426676738,1,50,49,89,97
5,-426676738,2,44,51,84,89
5,-409987362,1,2,49,99,99
5,-409899762,1,46,41,78,87
5,-409899762,2,48,45,89,95
5,-409899746,1,39,51,80,90
5,-409899746,2,46,43,75,84
5,-409899730,1,46,46,86,93
5,-409899730,2,45,56,78,92
5,-409899586,1,12,68,73,90
5,-409899586,2,13,68,78,88
5,-409899570,1,24,47,82,91
5,-409899570,2,24,38,91,93
5,-409899554,1,37,42,79,86
5,-409899554,2,39,44,82,92
5,-409899538,1,46,33,80,85
5,-409899538,2,46,37,87,91
5,-409899522,1,43,38,72,81
5,-409899522,2,46,46,80,86
5,-124774690,1,2,49,100,100
5,-124687074,1,277,53,83,93
5,-124687074,2,282,52,83,88
5,-124687058,1,276,61,84,92
5,-124687058,2,271,47,83,91
5,-107909874,1,84,51,89,94
5,-107909874,2,81,44,89,94
5,-107909858,1,68,44,91,94
5,-107909858,2,75,48,94,95
5,-107909842,1,27,80,74,99
5,-107909842,2,42,83,62,100
5,-107909650,1,78,46,92,95
5,-107909650,2,83,45,92,95
5,-107909634,1,84,45,85,88
5,-107909634,2,82,43,90,92
6,-913305970,1,5,53,100,100
6,-913303842,1,2,43,91,98
6,-913289506,1,22,96,69,99
6,-913288370,1,16,22,86,87
6,-426656322,1,78,31,89,93
6,-426656306,1,178,65,89,95
6,-426656290,1,133,39,93,96
6,-426656274,1,57,30,85,91
6,-409879282,1,41,16,63,66
6,-409879282,2,51,9,55,57
6,-409879266,1,138,16,63,67
6,-409879250,1,91,29,59,71
6,-409879042,1,39,61,78,91
6,-409879042,2,43,52,80,90
6,-124666866,1,167,59,79,93
6,-124666658,1,133,57,93,95
6,-124666642,1,166,62,78,92
6,-124666626,1,179,45,85,91
6,-107889634,1,156,43,91,96
6,-107889618,1,170,72,81,93
6,-107889602,1,183,56,85,93
6,-107889234,1,163,69,80,92
7,-913303842,1,3,29,96,98
7,-913288370,1,10,37,92,97
7,-829330130,1,49,28,78,84
7,-426676978,1,82,29,74,83
7,-426676978,2,90,23,81,85
7,-426676962,1,86,23,82,86
7,-426676962,2,88,27,88,92
7,-426676946,1,84,37,80,86
7,-426676946,2,92,31,88,93
7,-426676754,1,78,28,80,82
7,-426676754,2,82,29,86,88
7,-426676738,1,12,26,76,81
7,-426676738,2,16,32,63,77
7,-409899762,1,80,22,84,88
7,-409899762,2,82,16,82,86
7,-409899746,1,88,20,80,85
7,-409899746,2,96,14,91,92
7,-409899730,1,77,22,77,83
7,-409899730,2,88,21,80,82
7,-409899538,1,8,98,85,100
7,-409899538,2,7,100,91,100
7,-409899522,1,81,24,86,92
7,-409899522,2,89,24,87,93
7,-208662898,1,5,85,99,100
7,-208660770,1,1,80,80,80
7,-208573154,1,42,44,61,76
7,-208573138,1,41,47,79,88
7,-124687090,1,80,52,89,93
7,-124687090,2,88,54,90,92
7,-124687074,1,82,46,87,91
7,-124687074,2,83,48,87,91
7,-124687058,1,84,57,90,92
7,-124687058,2,80,66,92,95
7,-124686866,1,17,38,70,83
7,-124686866,2,21,32,64,74
7,-124686850,1,62,39,76,82
7,-124686850,2,57,40,74,84
7,-107909874,1,74,18,88,90
7,-107909874,2,78,11,91,92
7,-107909858,1,73,17,85,88
7,-107909858,2,83,21,92,94
7,-107909842,1,71,19,87,90
7,-107909842,2,79,16,85,86
7,-107909650,1,71,19,78,83
7,-107909650,2,71,22,81,85
7,-107909634,1,68,19,72,79
7,-107909634,2,80,23,82,87
8,-913303842,1,1,75,97,97
8,-426681074,1,30,27,81,83
8,-426681058,1,46,28,84,88
8,-426681042,1,19,25,84,86
8,-426680898,1,49,21,81,84
8,-426680882,1,46,27,80,81
8,-426680866,1,51,29,86,90
8,-426680850,1,28,26,90,93
8,-426680834,1,45,26,68,74
8,-409903842,1,6,6,99,99
8,-409903826,1,22,42,84,91
8,-409903618,1,76,71,82,96
8,-409903618,2,86,75,97,98
8,-124691186,1,58,33,93,98
8,-124691170,1,57,33,95,97
8,-124691154,1,57,41,90,95
8,-124690994,1,50,22,96,96
8,-124690978,1,58,34,90,92
8,-124690962,1,59,26,97,97
8,-124690946,1,58,46,96,99
8,-107913970,1,87,42,91,94
8,-107913954,1,88,34,92,95
8,-107913938,1,93,54,97,99
8,-107913762,1,90,51,99,100
8,-107913746,1,93,62,98,99
8,-107913730,1,93,69,98,99
8,-74359538,1,138,78,95,98
8,-74359522,1,152,49,95,98
8,-74359506,1,121,43,85,95
8,-74359506,2,108,45,76,87
8,-74359314,1,147,80,93,98
8,-74359298,1,150,87,94,98
9,-124776818,1,4,31,100,100
9,-124774690,1,1,71,100,100
9,-124715426,1,70,47,89,94
9,-107992338,1,19,88,84,99
9,-107992338,2,28,94,88,100
9,1653278766,1,142,53,77,87
9,1653278830,1,45,72,94,99
9,1653279790,1,142,56,72,85
9,1653279854,1,83,73,92,99
9,1653279854,2,92,74,86,95
9,1653286446,1,143,52,73,85
9,1653289518,1,132,57,77,90
9,1653291054,1,59,65,82,91
9,1653291566,1,91,49,85,90
9,1653292846,1,136,60,73,89
9,1667958830,1,33,57,81,90
9,1667958830,2,40,63,76,90
9,1667958830,3,38,61,88,93
9,1667966766,1,32,60,92,96
9,1667966766,2,41,63,82,90
9,1667966766,3,42,73,87,97
9,1667969582,1,28,67,88,93
9,1667969582,2,28,77,81,95
9,1667969582,3,30,81,85,92
9,1667970350,1,18,46,79,86
9,1667970350,2,38,43,74,83
9,1667970350,3,34,42,77,88
9,1667971118,1,15,55,83,91
9,1667971118,2,18,44,72,81
9,1667971118,3,20,50,76,89
9,1669007406,1,97,67,96,98
9,1669015086,1,98,58,98,98
9,1669015342,1,102,57,97,99
9,1669017902,1,102,70,97,100
9,1669018158,1,84,84,95,97
9,1669018670,1,100,71,98,99
9,1669019694,1,103,71,96,98
9,1669021486,1,100,76,95,99
9,1798015102,1,86,60,88,96
9,1798015102,2,89,59,89,94
9,1798015374,1,89,78,85,96
9,1798015374,2,93,68,93,95
9,1798015390,1,94,84,89,96
9,1798015390,2,94,89,91,97
10,-966365906,1,19,26,95,95
10,-966169298,1,20,56,88,93
10,-913303842,1,1,70,100,100
10,-913288370,1,10,43,84,90
10,-913248594,1,28,33,88,92
10,-409988770,1,190,61,88,93
10,-409963170,1,77,51,85,93
10,-409952930,1,154,53,86,93
10,-409946786,1,202,45,93,96
10,-409941154,1,39,92,86,98
10,-409930146,1,7,25,91,96
10,-409873058,1,96,48,90,92
10,-409781410,1,50,34,86,93
10,-409780642,1,13,51,82,85
10,-409780642,2,7,51,61,83
10,-409770658,1,6,33,88,93
10,-409764514,1,158,38,77,85
11,-913283202,1,18,67,87,93
11,-426676978,1,57,35,93,97
11,-426676978,2,59,46,76,90
11,-426676978,3,60,65,87,98
11,-426676738,1,59,50,79,89
11,-426676738,2,38,54,85,90
11,-426676738,3,61,46,78,89
11,-409899746,1,84,73,86,96
11,-409899746,2,74,67,85,95
11,-409899746,3,83,72,80,96
11,-409899730,1,69,65,80,94
11,-409899730,2,65,61,78,95
11,-409899730,3,72,63,81,93
11,-208662898,1,5,51,97,98
11,-208572914,1,26,67,87,97
11,-208572898,1,26,64,87,96
11,-208572882,1,25,76,91,99
11,-208572866,1,31,70,90,99
11,-208572674,1,26,83,81,93
11,-124686914,1,90,59,84,93
11,-124686914,2,95,55,84,93
11,-124686914,3,95,52,84,91
11,-124686898,1,42,60,83,90
11,-124686898,2,96,86,87,99
11,-124686898,3,97,86,85,96
11,-107909666,1,85,63,80,93
11,-107909666,2,89,68,79,94
11,-107909666,3,89,68,80,95
11,-107909650,1,14,83,71,92
11,-107909650,2,22,75,74,87
11,-107909650,3,25,71,74,91
11,-91132914,1,65,91,93,98
11,-91132898,1,66,85,84,97
11,-91132882,1,44,60,79,88
11,-91132754,1,65,79,89,95
11,-91132738,1,65,75,88,96
11,-91132722,1,64,70,79,93
11,-91132706,1,66,75,85,94
11,-91132690,1,65,67,87,93
11,-91132674,1,66,74,86,94
11,-91132098,1,66,81,92,98
11,-74355650,1,64,69,84,98
11,-74355442,1,64,90,91,99
11,-74355410,1,62,77,84,95
11,-74355282,1,64,75,92,95
11,-74355266,1,61,92,93,99
11,-74355250,1,61,77,92,97
11,-74355234,1,61,85,83,98
11,-74355218,1,58,76,90,95
11,-74355202,1,66,83,84,99
11,-57578194,1,39,36,76,83
11,-40800498,1,53,95,89,100
11,-40800482,1,50,88,96,99
11,-40800322,1,24,92,99,100
11,-40800306,1,37,93,96,100
11,-40800290,1,63,89,95,98
11,-40800274,1,59,84,83,95
11,-40800258,1,56,80,86,96
12,-913307266,1,38,40,85,89
12,-913303842,1,2,86,96,100
12,-208662898,1,8,93,94,100
12,-208573170,1,8,27,92,92
12,-208573154,1,7,37,100,100
12,-208573138,1,8,28,88,88
12,-208572930,1,7,41,89,93
12,-107980418,1,41,35,79,89
12,1667971438,1,99,81,98,99
12,1667971454,1,117,82,95,98
12,1798670350,1,108,69,94,97
12,1798670350,2,86,75,97,99
12,1798670350,3,95,78,95,99
12,1798670366,1,25,98,89,100
12,1798670366,2,38,53,87,93
12,1798670366,3,26,42,81,87
12,1798670382,1,15,62,79,87
12,1798670382,2,41,100,90,100
12,1798670382,3,58,69,91,94
12,1798670398,1,26,39,99,100
12,1798670398,2,27,43,98,99
12,1798670398,3,45,28,95,95
12,1798670478,1,31,63,98,99
12,1798670494,1,26,33,74,81
12,1798670494,2,28,31,81,84
12,1798670494,3,26,25,76,81
12,1798670510,1,27,30,77,83
12,1798670510,2,27,34,82,88
12,1798670510,3,26,39,82,89
12,1798670542,1,51,60,93,96
12,1798670542,2,64,54,86,90
12,1798670542,3,62,56,87,90
12,1798670558,1,59,45,86,93
12,1798670558,2,61,45,89,94
12,1798670558,3,25,40,85,90
12,1798670574,1,38,31,80,84
12,1798670574,2,66,46,93,97
12,1798670574,3,36,41,96,97
12,1798670750,2,17,29,98,98
12,1798670750,3,16,31,92,92
12,1798671134,1,20,60,91,94
12,1798671150,1,12,64,99,100
12,1798671166,1,15,54,78,86
12,1798671166,2,17,37,77,86
12,1798671166,3,15,23,95,96
12,1798671182,1,31,49,87,94
12,1798671182,2,41,35,89,95
12,1798671182,3,34,51,95,99
12,1798671198,1,25,57,76,92
12,1798671198,2,37,64,85,94
12,1798671198,3,28,89,96,99
12,1798671214,1,32,60,85,93
12,1798671214,2,34,54,90,93
12,1798671214,3,23,49,97,98
12,1798671230,1,27,37,79,87
12,1798671230,2,26,29,69,76
12,1798671230,3,5,92,93,100
13,-913303842,1,3,59,100,100
13,-913288370,1,82,39,84,90
13,-829330130,1,84,41,78,84
13,-414290674,1,79,61,76,93
13,-414290674,2,93,62,86,93
13,-414290658,1,13,48,73,87
13,-414290658,2,15,42,70,79
13,-414290642,1,74,55,78,91
13,-414290642,2,68,54,80,92
13,-414290450,1,85,60,84,95
13,-414290450,2,92,66,87,96
13,-414290434,1,84,63,86,96
13,-414290434,2,89,50,89,97
13,-414225138,1,36,30,76,86
13,-414225138,2,37,37,80,86
13,-414225122,1,78,42,89,93
13,-414225122,2,82,46,88,92
13,-414225106,1,79,48,86,93
13,-414225106,2,74,60,90,94
13,-414224914,1,74,36,86,91
13,-414224914,2,77,45,85,91
13,-414224898,1,62,38,90,96
13,-414224898,2,69,45,87,94
13,-414094066,1,73,37,73,86
13,-414094066,2,69,38,74,86
13,-414094050,1,69,44,81,90
13,-414094050,2,66,44,76,89
13,-414094034,1,71,22,79,83
13,-414094034,2,69,15,75,81
13,-414093842,1,71,16,78,82
13,-414093842,2,69,20,77,81
13,-414093826,1,66,36,85,91
13,-414093826,2,73,16,77,82
13,-406925170,1,33,52,64,82
13,-406925170,2,32,48,63,79
13,-406925074,1,50,43,78,91
13,-406925074,2,46,49,74,89
13,-406921842,1,49,75,83,93
13,-406921842,2,54,78,90,95
13,-406921746,1,50,67,78,96
13,-406921746,2,49,65,88,97
13,-406921586,1,55,68,83,96
13,-406921586,2,55,74,81,94
13,-406921490,1,55,79,93,99
13,-406921490,2,56,70,91,95
13,-406921330,1,49,75,86,93
13,-406921330,2,50,74,90,98
13,-406921234,1,54,76,85,96
13,-406921234,2,55,80,87,96
13,-406863730,1,21,36,83,90
13,-406863730,2,23,40,82,87
13,-406863634,1,29,58,82,93
13,-406863634,2,31,49,73,82
13,-406860402,1,32,35,67,78
13,-406860402,2,32,38,81,90
13,-406860306,1,24,47,77,88
13,-406860306,2,20,41,84,90
13,-406860146,1,29,37,80,90
13,-406860146,2,27,55,74,90
13,-406860050,1,22,41,73,84
13,-406860050,2,18,20,85,88
13,-406859890,1,23,42,78,85
13,-406859890,2,23,44,68,80
13,-406859794,1,16,51,86,95
13,-406859794,2,13,50,90,99
13,-208662898,1,4,61,94,100
13,-208572946,1,40,58,86,93
13,-208572930,1,23,53,57,77
13,-208572930,2,20,54,83,89
14,-913303842,1,2,71,100,100
14,-913288370,1,6,62,96,97
14,-426685410,1,39,100,89,100
14,-426685378,1,78,55,93,96
14,-426685186,1,138,59,86,95
14,-426685170,1,34,100,84,100
14,-426685154,1,73,49,91,95
14,-426685138,1,82,56,89,94
14,-426685010,1,79,77,91,96
14,-426684994,1,78,36,86,91
14,-426684978,1,53,33,80,81
14,-426684962,1,79,67,86,96
14,-426684946,1,80,61,87,92
14,-426684930,1,62,45,93,96
14,-409895922,1,2,70,94,98
14,-409895906,7,67,15,79,81
14,-409895890,7,65,41,80,85
14,-409895874,6,40,39,75,76
14,-409895666,3,72,50,81,88
14,-409895650,2,62,61,84,94
14,-409895634,1,66,34,85,89
14,-409895506,6,70,53,88,92
14,-409895490,5,58,66,88,99
14,-409895474,5,62,61,83,90
14,-409895458,5,67,59,71,89
14,-409895442,4,73,60,83,93
14,-409895426,3,36,40,81,84
14,-124670914,NA,5,43,86,93
14,-124670706,2,82,67,88,96
14,-124670690,3,90,67,93,97
14,-124670674,3,76,68,88,97
14,-124670546,1,73,64,92,94
14,-124670530,1,17,59,89,95
14,-124670514,1,13,77,84,95
14,-124670498,3,38,60,86,98
14,-124670482,3,67,69,90,96
14,-124670466,2,86,68,88,96
14,-107999602,2,6,59,89,100
14,-107914226,1,79,59,84,94
14,-107914210,1,76,67,93,97
14,-107914178,1,77,55,86,94
14,-107914002,1,32,47,94,98
14,-107913986,1,21,59,87,97
14,-107913970,1,65,68,87,93
14,-107913954,1,81,55,89,95
14,-107913810,1,73,72,89,97
14,-107913794,1,48,66,92,97
14,-107913778,1,77,56,87,94
14,-107913762,1,79,49,87,93
14,-107913746,1,79,56,87,94
14,-107913730,1,70,46,85,91
15,-409989490,1,6,61,89,97
15,-124686882,1,1,0,65,65
15,-107997474,1,6,62,95,99
15,-107988466,1,1,76,100,100
15,-107988450,1,2,75,100,100
15,-107988306,1,1,60,100,100
15,-107988290,1,2,71,90,100
15,-107988274,1,1,100,80,100
15,-107988258,1,2,50,100,100
15,-107988242,1,1,67,100,100
15,-107988226,1,2,100,93,100
15,-107987938,1,5,100,50,100
15,-107987922,1,7,99,75,99
15,-107983138,1,17,100,85,100
15,-107982002,2,15,77,99,100
15,-107799522,1,2,60,100,100
15,-107799506,1,1,67,100,100
15,-107799490,1,2,57,90,100
15,1654328382,1,55,51,86,94
15,1654328382,2,74,48,82,89
15,1654328382,3,77,60,82,96
15,1654328638,1,14,62,79,89
15,1654328638,2,19,63,78,90
15,1654328638,3,18,55,74,86
15,1654328894,1,47,51,87,91
15,1654328894,2,72,55,85,94
15,1654328894,3,74,51,93,96
15,1654334526,1,53,58,92,96
15,1654334526,2,75,69,89,98
15,1654334526,3,71,59,91,96
15,1654339390,1,33,40,75,86
15,1654339646,1,76,57,91,97
15,1654339646,2,101,62,93,97
15,1654339646,3,104,61,94,98
15,1654339902,1,46,60,86,96
15,1654339902,2,68,58,89,95
15,1654339902,3,74,55,93,97
15,1654340158,1,62,57,93,99
15,1654340158,2,79,63,94,98
15,1654340158,3,81,63,91,96
15,1654340414,1,52,51,95,98
15,1654340414,2,80,75,93,97
15,1654340414,3,78,64,96,97
15,1654341438,1,69,67,92,96
15,1654341438,2,93,74,93,95
15,1654341438,3,104,77,96,99
15,1667958830,1,146,62,92,95
15,1667958830,2,189,60,92,97
15,1667958830,3,199,62,94,97
15,1667959150,1,72,69,92,99
15,1667959854,1,150,64,85,93
15,1667959854,2,190,77,90,94
15,1667959854,3,199,75,93,97
15,1669017758,1,166,68,95,97
15,1669017758,2,206,69,93,98
15,1669017758,3,209,79,96,99
15,1669019294,1,153,60,92,95
15,1669019294,2,196,55,89,94
15,1669019294,3,205,67,92,97
15,1669020526,1,30,78,86,96
15,1798015854,1,27,99,91,100
16,-913303842,1,1,86,98,100
16,-913294834,1,1,100,100,100
16,-913294818,1,1,79,96,100
16,-913294658,1,1,85,99,100
16,-913294642,1,1,82,98,99
16,-913294626,1,1,90,96,100
16,-426676978,1,125,69,88,98
16,-426676978,2,112,70,93,98
16,-426676754,1,116,64,92,97
16,-426676754,2,111,58,92,97
16,-426676738,1,122,72,95,98
16,-426676738,2,109,70,94,97
16,-426570370,1,21,83,96,100
16,-409899762,1,17,74,87,96
16,-409899762,2,19,71,81,94
16,-409899746,1,117,81,96,98
16,-409899746,2,111,85,95,99
16,-409899730,1,122,81,95,99
16,-409899730,2,113,77,98,99
16,-409793154,1,12,80,100,100
16,-208662898,1,7,73,100,100
16,-124687314,1,34,100,89,100
16,-124687314,2,54,100,88,100
16,-124687298,1,118,89,92,99
16,-124687298,2,105,86,93,98
16,-124686930,1,117,90,98,100
16,-124686930,2,104,97,96,100
16,-124580482,1,20,84,90,96
16,-107909698,1,107,86,91,99
16,-107909698,2,98,90,90,100
16,-107909682,1,106,88,92,100
16,-107909682,2,98,89,94,99
16,-107909666,1,102,85,92,98
16,-107909666,2,93,83,90,99
16,-107803266,1,12,89,95,100
16,1637562414,1,3,78,89,91
16,1653291390,1,7,78,95,100
16,1654339710,1,9,81,96,96
16,1667966846,1,9,78,100,100
16,1669015166,1,8,100,100,100
18,-913303842,1,3,69,99,100
18,-426676946,1,117,43,80,88
18,-426676946,2,96,43,82,89
18,-409899762,1,129,70,87,96
18,-409899762,2,99,65,86,94
18,-409899762,3,137,72,86,96
18,-409899762,4,131,78,91,97
18,-409899762,5,131,79,85,97
18,-409899746,1,95,53,78,88
18,-409899746,2,68,55,69,84
18,-409899746,3,106,66,79,94
18,-409899746,4,106,70,77,93
18,-409899746,5,98,64,84,95
18,-409899730,1,177,60,80,90
18,-409899730,2,206,62,86,93
18,-409899730,3,191,69,78,93
18,-409899730,4,192,76,83,96
18,-409899730,5,158,82,84,96
18,-409899538,1,191,52,85,94
18,-409899538,2,217,52,81,90
18,-409899522,1,26,46,68,84
18,-409899522,2,19,58,75,89
18,-409899522,3,38,30,79,86
18,-208662898,1,7,64,99,100
18,-208573394,1,14,35,60,72
18,-208573378,1,17,43,63,77
18,-208573170,1,12,73,64,92
18,-208573154,1,15,40,88,90
18,-208573138,1,13,60,66,81
18,-208573010,1,20,39,58,71
18,-208572994,1,17,37,51,67
18,-208572978,1,20,31,67,81
18,-208572962,1,5,53,73,87
18,-208572946,1,11,83,75,97
18,-208572930,1,10,58,83,90
19,-913303842,1,2,51,97,99
19,-913288370,1,13,31,82,85
19,-829330130,1,95,54,72,86
19,-426676978,1,67,25,56,63
19,-426676978,2,66,30,58,71
19,-426676962,1,51,55,78,88
19,-426676962,2,54,42,75,86
19,-426676946,1,73,63,72,89
19,-426676946,2,69,63,72,90
19,-426676754,1,8,91,81,99
19,-426676754,2,9,100,79,100
19,-426676738,1,65,51,74,87
19,-426676738,2,61,44,75,88
19,-409899762,1,74,70,84,95
19,-409899762,2,76,62,92,96
19,-409899746,1,55,75,90,95
19,-409899746,2,56,66,89,96
19,-409899730,1,78,70,88,97
19,-409899730,2,83,67,86,96
19,-409899538,1,38,54,86,93
19,-409899538,2,50,55,80,91
19,-409899522,1,62,67,89,93
19,-409899522,2,66,60,88,94
19,-208662898,1,12,50,83,83
19,-208573154,1,45,47,71,85
19,-124687090,1,52,58,63,81
19,-124687090,2,53,73,81,93
19,-124687074,1,54,47,71,85
19,-124687074,2,53,40,68,75
19,-124687058,1,53,58,76,90
19,-124687058,2,53,64,81,88
19,-124686914,1,13,24,64,72
19,-124686914,2,10,11,64,70
19,-124686898,1,48,41,72,80
19,-124686898,2,48,49,81,88
19,-124686882,1,49,53,65,76
19,-124686882,2,51,49,68,80
19,-124686866,1,54,53,77,90
19,-124686866,2,54,65,82,90
19,-124686850,1,51,56,71,85
19,-124686850,2,48,40,71,78
19,-107909874,1,52,24,73,80
19,-107909874,2,55,24,74,82
19,-107909858,1,52,42,67,79
19,-107909858,2,49,56,72,89
19,-107909842,1,15,38,65,81
19,-107909842,2,12,50,82,96
19,-107909698,1,49,21,82,84
19,-107909698,2,51,22,85,87
19,-107909682,1,46,15,73,77
19,-107909682,2,49,21,73,80
19,-107909666,1,51,37,78,84
19,-107909666,2,53,38,71,81
19,-107909650,1,51,32,71,84
19,-107909650,2,53,31,82,89
19,-107909634,1,52,25,83,91
19,-107909634,2,53,23,72,79
20,-913303842,1,2,68,99,100
20,-913288370,1,3,42,98,98
20,-426676978,1,51,65,81,91
20,-426676978,2,58,53,83,89
20,-426676962,1,61,48,87,92
20,-426676962,2,67,68,86,93
20,-426676946,1,56,56,91,93
20,-426676946,2,70,77,91,98
20,-426676754,1,63,54,83,87
20,-426676754,2,66,49,88,91
20,-426676738,1,51,49,80,91
20,-426676738,2,61,65,87,97
20,-409899762,1,88,85,86,98
20,-409899762,2,94,82,90,97
20,-409899746,1,83,70,82,92
20,-409899746,2,86,73,81,90
20,-409899730,1,76,60,75,88
20,-409899730,2,82,78,86,96
20,-409899538,1,19,49,69,83
20,-409899538,2,13,59,68,95
20,-409899522,1,89,83,86,97
20,-409899522,2,90,81,90,99
20,-208660770,1,1,78,100,100
20,-208573154,1,52,65,66,86
20,-208573138,1,58,38,68,76
20,-124687090,1,80,56,81,89
20,-124687090,2,79,57,74,89
20,-124687074,1,80,42,75,86
20,-124687074,2,82,52,85,92
20,-124687058,1,83,54,74,89
20,-124687058,2,80,51,72,88
20,-124686866,1,23,99,84,100
20,-124686866,2,31,99,80,100
20,-124686850,1,31,42,67,80
20,-124686850,2,31,52,70,84
20,-107909874,1,70,43,65,81
20,-107909874,2,78,51,60,76
20,-107909858,1,25,31,65,72
20,-107909858,2,10,10,13,17
20,-107909842,1,20,60,79,88
20,-107909842,2,20,47,78,86
20,-107909650,1,71,53,78,88
20,-107909650,2,77,61,82,93
20,-107909634,1,69,46,68,81
20,-107909634,2,79,49,63,80
21,-999002834,1,99,35,79,83
21,-998806226,1,78,19,71,75
21,-913303842,1,2,27,96,97
21,-913288370,1,18,42,85,88
21,-426676978,1,51,21,83,87
21,-426676978,2,52,24,85,88
21,-426676962,1,51,21,72,82
21,-426676962,2,51,13,73,77
21,-426676946,1,21,39,59,66
21,-426676946,2,19,35,78,87
21,-426676802,1,52,30,66,76
21,-426676802,2,52,17,68,72
21,-426676786,1,50,21,79,82
21,-426676786,2,53,29,89,94
21,-426676770,1,53,10,77,78
21,-426676770,2,54,17,74,74
21,-426676754,1,53,28,89,90
21,-426676754,2,56,25,80,87
21,-426676738,1,57,25,81,84
21,-426676738,2,60,25,83,89
21,-409899762,1,55,34,84,90
21,-409899762,2,56,42,88,91
21,-409899746,1,53,30,86,89
21,-409899746,2,56,28,86,88
21,-409899730,1,35,28,80,82
21,-409899730,2,35,22,78,83
21,-409899570,1,52,16,85,86
21,-409899570,2,56,20,83,90
21,-409899554,1,49,13,73,78
21,-409899554,2,52,16,78,82
21,-409899538,1,55,11,78,81
21,-409899538,2,53,12,72,79
21,-409899522,1,42,26,72,78
21,-409899522,2,44,27,80,86
21,-208573154,1,1,0,0,0
21,-208573138,1,52,33,68,77
21,-124687090,1,54,41,82,86
21,-124687090,2,54,45,89,96
21,-124687074,1,49,54,85,92
21,-124687074,2,48,60,74,85
21,-124687058,1,41,50,86,88
21,-124687058,2,47,48,90,91
21,-124686914,1,37,40,79,83
21,-124686914,2,40,41,77,79
21,-124686898,1,31,54,83,90
21,-124686898,2,26,35,72,80
21,-124686882,1,27,47,69,79
21,-124686882,2,27,37,77,81
21,-124686866,1,45,39,89,92
21,-124686866,2,49,38,88,91
21,-124686850,1,46,40,92,94
21,-124686850,2,52,32,90,91
21,-107909874,1,47,35,89,94
21,-107909874,2,48,33,89,94
21,-107909858,1,50,53,85,94
21,-107909858,2,50,37,81,85
21,-107909842,1,51,49,88,92
21,-107909842,2,42,39,84,89
21,-107909698,1,40,46,86,89
21,-107909698,2,39,35,87,91
21,-107909682,1,38,39,87,90
21,-107909682,2,41,32,84,88
21,-107909666,1,46,36,95,95
21,-107909666,2,49,36,90,93
21,-107909650,1,51,36,96,97
21,-107909650,2,57,46,94,95
21,-107909634,1,40,38,83,92
21,-107909634,2,48,47,88,94
22,-913303842,1,4,57,95,98
22,-913288370,1,11,41,79,85
22,-829330130,1,66,43,74,84
22,-426676978,1,62,41,74,84
22,-426676978,2,77,54,68,84
22,-426676962,1,10,55,85,91
22,-426676962,2,20,35,77,83
22,-426676946,1,66,43,77,84
22,-426676946,2,76,35,65,77
22,-426676754,1,77,34,69,77
22,-426676754,2,80,31,65,76
22,-426676738,1,70,38,69,77
22,-426676738,2,77,43,68,77
22,-409899762,1,69,48,82,88
22,-409899762,2,84,53,85,93
22,-409899746,1,76,57,91,96
22,-409899746,2,78,61,84,92
22,-409899730,1,68,57,92,94
22,-409899730,2,80,44,85,89
22,-409899538,1,77,61,89,96
22,-409899538,2,78,67,95,97
22,-409899522,1,53,57,82,89
22,-409899522,2,54,36,75,84
22,-208573154,1,27,81,78,92
22,-208573138,1,22,69,81,95
22,-124687090,1,70,38,85,90
22,-124687090,2,74,47,82,89
22,-124687074,1,65,49,84,90
22,-124687074,2,61,38,80,85
22,-124687058,1,60,44,81,85
22,-124687058,2,74,38,87,90
22,-124686866,1,51,46,80,88
22,-124686866,2,52,42,75,81
22,-124686850,1,65,36,82,84
22,-124686850,2,64,35,71,78
22,-107909874,1,73,71,85,96
22,-107909874,2,84,72,92,97
22,-107909858,1,77,78,88,96
22,-107909858,2,86,55,89,94
22,-107909842,1,71,69,87,95
22,-107909842,2,83,61,90,95
22,-107909650,1,14,86,85,94
22,-107909650,2,23,83,77,94
22,-107909634,1,64,54,81,89
22,-107909634,2,67,55,77,88
23,-913303842,1,3,69,98,98
23,-913288370,1,9,47,88,93
23,-913216018,1,3,100,87,100
23,-426750242,1,35,100,86,100
23,-426677186,1,83,57,90,95
23,-426677186,2,87,58,89,97
23,-426676818,1,86,55,90,97
23,-426676818,2,86,63,84,95
23,-426676802,1,64,62,93,97
23,-426676802,2,69,64,86,96
23,-426676786,1,80,45,86,91
23,-426676786,2,79,50,87,93
23,-426676770,1,82,45,83,90
23,-426676770,2,84,37,84,88
23,-409973026,1,52,100,88,100
23,-409899762,1,76,71,89,95
23,-409899762,2,82,78,93,99
23,-409899746,1,18,55,83,88
23,-409899746,2,20,52,81,88
23,-409899730,1,75,76,92,99
23,-409899730,2,76,69,91,98
23,-409899538,1,78,40,84,90
23,-409899538,2,80,43,83,90
23,-409899522,1,81,53,87,96
23,-409899522,2,78,59,89,96
23,-208662898,1,6,76,100,100
23,-208573154,1,29,75,83,95
23,-208573138,1,56,64,86,95
23,-124774690,1,2,74,100,100
23,-124687170,1,105,45,92,95
23,-124687170,2,136,37,93,95
23,-124687154,1,116,85,99,100
23,-124687154,2,140,85,99,100
23,-124687138,1,117,68,99,100
23,-124687138,2,141,58,99,100
23,-107983138,1,24,99,91,100
23,-107910130,1,60,54,94,98
23,-107910130,2,77,51,88,95
23,-107910114,1,45,43,84,88
23,-107910114,2,52,49,83,89
23,-107910098,1,81,63,94,98
23,-107910098,2,82,64,92,97
23,-107909906,1,75,65,89,96
23,-107909906,2,82,69,88,97
23,-107909890,1,67,64,92,96
23,-107909890,2,77,68,94,98
23,-74443042,1,2,59,100,100
23,-74355538,1,117,69,100,100
23,-74355538,2,141,69,98,99
23,-74354898,1,115,51,98,99
23,-74354898,2,138,48,98,100
23,-74354882,1,117,80,99,100
23,-74354882,2,140,74,97,99
24,-913303842,1,2,34,97,98
24,-913288370,1,14,22,67,75
24,-426676978,1,84,13,57,63
24,-426676978,2,100,11,57,61
24,-426676962,1,85,9,56,60
24,-426676962,2,101,8,56,60
24,-426676946,1,64,7,53,55
24,-426676946,2,75,5,45,47
24,-426676770,1,77,8,54,56
24,-426676770,2,90,6,50,53
24,-426676754,1,61,12,53,57
24,-426676754,2,74,9,51,55
24,-426676738,1,65,8,52,54
24,-426676738,2,76,6,47,50
24,-409899762,1,85,51,75,88
24,-409899762,2,86,56,78,91
24,-409899746,1,86,23,78,84
24,-409899746,2,88,28,79,83
24,-409899730,1,86,37,75,82
24,-409899730,2,85,45,75,85
24,-409899538,1,62,15,66,71
24,-409899538,2,61,14,74,77
24,-409899522,1,37,32,79,86
24,-409899522,2,41,31,78,85
24,-208662898,1,5,64,100,100
24,-208660770,1,1,57,100,100
24,-208573154,1,47,43,65,77
24,-208573138,1,51,46,68,82
24,-124687090,1,32,56,61,82
24,-124687090,2,33,54,60,83
24,-124687074,1,60,9,56,59
24,-124687074,2,73,9,50,52
24,-124687058,1,77,9,63,65
24,-124687058,2,90,10,60,62
24,-124686882,1,37,14,68,72
24,-124686882,2,62,17,65,70
24,-124686866,1,87,12,69,71
24,-124686866,2,103,15,66,70
24,-124686850,1,82,10,69,72
24,-124686850,2,97,13,68,72
24,-107909874,1,140,24,52,61
24,-107909874,2,118,21,53,62
24,-107909858,1,133,31,65,74
24,-107909858,2,114,31,65,74
24,-107909842,1,138,13,68,72
24,-107909842,2,113,19,64,71
24,-107909634,1,143,14,55,61
24,-107909634,2,117,13,53,59
24,1798015070,1,185,16,52,60
24,1798015806,1,179,23,51,61
25,-913303842,1,2,32,100,100
25,-913288370,1,5,35,76,79
25,-829330130,1,66,32,72,79
25,-426676978,1,53,26,94,96
25,-426676978,2,51,23,74,82
25,-426676962,1,18,24,72,72
25,-426676962,2,12,8,76,76
25,-426676946,1,22,15,69,71
25,-426676946,2,17,6,68,73
25,-426676802,1,41,43,95,99
25,-426676802,2,40,53,77,87
25,-426676786,1,49,34,78,82
25,-426676786,2,47,32,74,85
25,-426676770,1,48,46,78,89
25,-426676770,2,47,36,80,84
25,-426676754,1,44,46,78,88
25,-426676754,2,44,49,81,92
25,-426676738,1,45,19,94,95
25,-426676738,2,46,17,86,91
25,-409899762,1,29,31,97,97
25,-409899762,2,31,24,86,93
25,-409899746,1,8,21,81,83
25,-409899746,2,11,17,88,91
25,-409899730,1,7,44,87,94
25,-409899730,2,12,52,77,89
25,-409899586,1,55,17,80,83
25,-409899586,2,54,16,91,93
25,-409899570,1,52,20,90,93
25,-409899570,2,52,19,92,93
25,-409899554,1,54,18,90,93
25,-409899554,2,51,15,83,85
25,-409899538,1,51,28,81,86
25,-409899538,2,55,24,84,86
25,-409899522,1,50,53,84,89
25,-409899522,2,55,49,90,93
25,-208662898,1,5,60,100,100
25,-124687298,1,24,40,85,87
25,-124687298,2,24,27,100,100
25,-124687090,1,22,55,80,83
25,-124687090,2,22,49,94,94
25,-124687074,1,21,65,87,95
25,-124687074,2,21,49,78,89
25,-124687058,1,22,43,80,89
25,-124687058,2,21,43,83,88
25,-124686930,1,22,63,90,99
25,-124686930,2,21,38,73,79
25,-124686914,1,22,48,96,98
25,-124686914,2,23,44,90,94
25,-124686898,1,22,27,87,90
25,-124686898,2,23,30,97,97
25,-124686882,1,22,46,89,94
25,-124686882,2,23,36,90,90
25,-124686866,1,23,55,83,96
25,-124686866,2,23,42,95,98
25,-124686850,1,23,43,85,97
25,-124686850,2,23,42,87,89
25,-107910114,1,26,36,81,88
25,-107910114,2,12,39,73,85
25,-107910098,1,24,39,81,93
25,-107910098,2,10,51,72,82
25,-107910082,1,22,30,78,86
25,-107910082,2,5,57,86,96
25,-107909874,1,23,37,82,93
25,-107909874,2,9,45,53,84
25,-107909858,1,20,34,69,81
25,-107909858,2,7,49,63,77
25,-107909842,1,12,60,75,90
25,-107909842,2,10,84,82,94
25,-107909698,1,25,34,71,77
25,-107909698,2,19,35,74,80
25,-107909682,1,29,53,85,90
25,-107909682,2,20,38,73,82
25,-107909666,1,8,95,86,99
25,-107909666,2,6,93,63,97
25,-107909650,1,24,37,78,88
25,-107909650,2,12,40,81,93
25,-107909634,1,26,19,77,81
25,-107909634,2,15,13,67,67
26,-913303842,1,2,58,97,100
26,-829330130,1,77,46,76,86
26,-426676978,1,60,47,72,86
26,-426676978,2,63,44,72,86
26,-426676962,1,71,36,73,79
26,-426676962,2,71,40,80,87
26,-426676946,1,68,42,75,85
26,-426676946,2,72,47,81,93
26,-426676754,1,64,56,74,87
26,-426676754,2,59,43,78,87
26,-426676738,1,73,38,74,84
26,-426676738,2,72,43,77,86
26,-409899762,1,79,36,82,87
26,-409899762,2,79,54,84,89
26,-409899746,1,76,48,75,85
26,-409899746,2,76,68,88,93
26,-409899730,1,53,46,79,86
26,-409899730,2,58,59,90,93
26,-409899538,1,75,41,77,83
26,-409899538,2,78,53,85,93
26,-409899522,1,75,54,72,87
26,-409899522,2,78,63,81,91
26,-208662898,1,4,51,77,93
26,-208660770,1,1,100,100,100
26,-208573154,1,37,54,68,78
26,-208573138,1,36,41,58,73
26,-124687090,1,12,94,74,99
26,-124687090,2,11,97,81,100
26,-124687074,1,79,61,78,90
26,-124687074,2,79,68,81,96
26,-124687058,1,80,52,81,90
26,-124687058,2,78,68,74,89
26,-124686866,1,16,57,67,80
26,-124686866,2,27,43,63,81
26,-124686850,1,25,37,65,74
26,-124686850,2,67,46,60,73
26,-107909874,1,74,35,75,86
26,-107909874,2,72,47,71,85
26,-107909858,1,58,43,69,83
26,-107909858,2,68,45,75,87
26,-107909842,1,55,32,69,79
26,-107909842,2,58,36,70,84
26,-107909650,1,65,35,74,78
26,-107909650,2,78,43,78,90
26,-107909634,1,56,33,66,73
26,-107909634,2,63,35,74,81
27,-913303842,1,3,34,99,99
27,-913288370,1,25,42,86,91
27,-426750242,1,10,100,95,100
27,-426677186,1,55,32,81,87
27,-426677186,2,63,21,84,85
27,-426676818,1,46,22,84,88
27,-426676818,2,44,18,79,86
27,-426676802,1,46,20,81,84
27,-426676802,2,49,8,72,75
27,-426676786,1,37,44,79,87
27,-426676786,2,40,44,74,83
27,-426676770,1,36,47,80,86
27,-426676770,2,36,50,79,89
27,-409899762,1,64,52,89,94
27,-409899762,2,61,41,92,95
27,-409899746,1,77,46,87,92
27,-409899746,2,77,49,83,90
27,-409899730,1,73,49,90,94
27,-409899730,2,68,63,89,94
27,-409899538,1,70,56,91,97
27,-409899538,2,80,38,90,94
27,-409899522,1,68,51,90,98
27,-409899522,2,78,43,88,91
27,-208662898,1,5,12,100,100
27,-124760354,1,13,99,87,100
27,-124687186,1,65,51,92,95
27,-124687186,2,78,34,88,92
27,-124687170,1,72,42,93,97
27,-124687170,2,79,34,91,92
27,-124687154,1,74,26,91,93
27,-124687154,2,82,21,90,91
27,-124687138,1,71,40,91,93
27,-124687138,2,79,26,84,86
27,-124686530,1,12,50,87,94
27,-124686530,2,16,40,82,93
27,-107983138,1,11,99,83,100
27,-107910130,1,63,72,89,96
27,-107910130,2,75,74,81,96
27,-107910114,1,65,60,87,93
27,-107910114,2,76,65,88,95
27,-107910098,1,61,55,91,93
27,-107910098,2,79,55,85,90
27,-107909906,1,63,54,83,93
27,-107909906,2,68,45,83,89
27,-107909890,1,66,55,87,95
27,-107909890,2,64,51,86,89
27,-74443042,1,2,32,100,100
27,-74354930,1,114,35,97,98
27,-74354930,2,134,32,93,94
27,-74354706,1,117,48,96,97
27,-74354706,2,141,32,96,96
27,-74354690,1,116,39,97,98
27,-74354690,2,139,20,92,95
28,-913307618,1,9,37,73,80
28,-913307602,1,12,35,76,82
28,-829330130,1,104,35,80,85
28,-426676978,1,48,17,84,85
28,-426676978,2,40,15,78,80
28,-426676962,1,35,17,74,78
28,-426676962,2,33,21,77,77
28,-426676946,1,40,33,83,89
28,-426676946,2,38,43,88,91
28,-426676802,1,31,29,81,86
28,-426676802,2,31,35,71,75
28,-426676786,1,25,19,73,75
28,-426676786,2,25,26,80,82
28,-426676770,1,39,41,76,86
28,-426676770,2,34,44,88,95
28,-426676754,1,34,27,82,88
28,-426676754,2,39,42,79,89
28,-426676738,1,37,33,66,80
28,-426676738,2,42,23,84,85
28,-409899762,1,49,34,77,84
28,-409899762,2,46,36,77,81
28,-409899746,1,29,45,71,87
28,-409899746,2,28,27,66,74
28,-409899730,1,28,37,78,83
28,-409899730,2,28,22,74,78
28,-409899586,1,16,41,87,92
28,-409899586,2,23,43,94,95
28,-409899570,1,43,41,74,82
28,-409899570,2,43,39,86,90
28,-409899554,1,49,45,81,88
28,-409899554,2,44,52,76,89
28,-409899538,1,32,41,78,84
28,-409899538,2,29,35,76,83
28,-409899522,1,51,43,84,89
28,-409899522,2,44,44,75,77
28,-409770642,1,2,0,50,50
28,-208573154,1,77,25,72,77
28,-208573138,1,49,52,71,87
28,-107997474,1,1,20,100,100
28,-107909874,1,56,29,73,82
28,-107909874,2,51,28,71,84
28,-107909858,1,56,29,71,79
28,-107909858,2,51,35,80,85
28,-107909842,1,59,22,80,84
28,-107909842,2,55,15,76,78
28,-107909698,1,14,69,65,88
28,-107909698,2,11,65,63,79
28,-107909682,1,17,31,71,79
28,-107909682,2,12,37,65,77
28,-107909666,1,43,45,83,91
28,-107909666,2,44,28,79,84
28,-107909650,1,50,37,79,85
28,-107909650,2,47,44,81,88
28,-107909634,1,50,46,83,93
28,-107909634,2,47,34,78,85
28,-107780754,1,1,0,100,100
29,-913303842,1,3,78,97,98
29,-913288370,1,35,44,84,92
29,-829330130,1,98,48,78,87
29,-426750242,1,22,100,84,100
29,-426676978,1,97,72,88,97
29,-426676978,2,111,72,94,99
29,-426676962,1,89,81,87,98
29,-426676962,2,103,86,84,97
29,-426676946,1,90,78,90,97
29,-426676946,2,103,78,88,95
29,-409973026,1,34,100,93,100
29,-409899762,1,92,90,94,98
29,-409899762,2,101,90,97,98
29,-409899746,1,86,88,97,100
29,-409899746,2,98,94,92,100
29,-409899730,1,94,87,98,100
29,-409899730,2,96,88,96,98
29,-124687090,1,57,51,81,91
29,-124687090,2,68,62,83,91
29,-124687074,1,85,58,90,94
29,-124687074,2,83,52,85,92
29,-124687058,1,79,65,85,95
29,-124687058,2,81,70,79,94
29,-124686866,1,85,62,86,92
29,-124686866,2,98,84,89,98
29,-124686850,1,76,60,82,91
29,-124686850,2,80,67,86,92
29,-107909874,1,9,76,78,92
29,-107909874,2,11,86,77,96
29,-107909858,1,46,21,67,74
29,-107909858,2,51,22,68,79
29,-107909842,1,34,36,66,82
29,-107909842,2,32,28,54,62
29,-107909698,1,52,48,70,84
29,-107909698,2,54,40,78,90
29,-107909682,1,46,32,68,84
29,-107909682,2,50,40,67,87
29,-107909666,1,50,17,77,81
29,-107909666,2,54,13,80,82
29,-107909650,1,49,22,79,84
29,-107909650,2,57,20,77,83
29,-107909634,1,9,67,79,89
29,-107909634,2,9,80,81,96
29,-91132658,1,93,50,89,92
29,-91132658,2,118,53,83,90
29,-91132642,1,147,67,90,97
29,-91132642,2,179,74,94,98
29,-91132626,1,102,75,93,96
29,-91132626,2,123,81,96,99
29,-74355442,1,76,75,81,94
29,-74355442,2,89,80,84,97
29,-74355426,1,21,65,78,89
29,-74355426,2,31,67,80,94
29,-74355410,1,46,57,81,88
29,-74355410,2,77,65,85,93
29,-74355218,1,71,69,82,95
29,-74355218,2,89,69,88,94
29,-74355202,1,76,62,85,91
29,-74355202,2,88,73,87,96
29,-40801010,1,107,68,93,96
29,-40801010,2,139,71,90,98
29,-40800994,1,144,83,90,99
29,-40800994,2,181,83,92,98
29,-40800978,1,92,29,92,94
29,-40800978,2,116,35,87,92
30,-968594130,1,69,46,61,70
30,-968463058,1,79,72,92,95
30,-968331986,1,66,68,86,95
30,-968135378,1,53,72,88,97
30,-968069842,1,59,61,81,93
30,-968004306,1,64,52,80,91
30,-967480018,1,59,50,70,80
30,-967414482,1,51,53,70,88
30,-967348946,1,51,46,77,85
30,-967283410,1,73,39,73,81
30,-967152338,1,71,37,70,79
30,-967086802,1,58,58,85,91
30,-966955730,1,58,69,87,91
30,-966496978,1,47,66,96,98
30,-966431442,1,51,64,86,94
30,-966038226,1,48,60,97,98
30,-965972690,1,49,62,99,99
30,-965907154,1,60,63,74,88
30,-965448402,1,55,66,83,96
30,-965317330,1,68,53,63,78
30,-965186258,1,56,64,86,96
30,-965120722,1,50,61,99,99
30,-965055186,1,71,40,70,77
30,-964989650,1,63,50,79,85
30,-964924114,1,76,61,74,86
30,-964858578,1,59,50,73,79
30,-961254098,1,55,45,85,91
30,-961057490,1,54,53,87,92
30,-960991954,1,58,39,73,80
30,-960926418,1,59,41,77,88
30,-913305970,1,4,75,84,97
30,-913303842,1,2,73,99,99
30,-426676946,1,312,59,76,87
30,-426676946,2,343,57,77,87
30,-409899730,1,330,50,78,87
30,-409899730,2,357,53,77,88
30,-107983138,1,27,100,70,100
30,-107909874,1,37,51,79,89
30,-107909874,2,36,52,78,87
30,-107909858,1,41,44,69,81
30,-107909858,2,59,33,63,72
30,-107909842,1,67,57,83,94
30,-107909842,2,69,55,84,94
30,-107909650,1,63,71,81,95
30,-107909650,2,67,71,77,95
30,-107909634,1,77,57,76,92
30,-107909634,2,80,59,75,89
31,-913288370,1,9,48,95,97
31,-426750242,1,24,99,73,100
31,-426677218,1,86,39,77,89
31,-426677218,2,89,41,77,88
31,-426677202,1,79,36,77,90
31,-426677202,2,88,39,81,90
31,-426677186,1,38,35,76,83
31,-426677186,2,51,41,76,86
31,-426676818,1,13,58,77,93
31,-426676818,2,22,41,71,83
31,-426676802,1,87,36,78,89
31,-426676802,2,91,38,67,81
31,-426676786,1,21,34,77,83
31,-426676786,2,15,31,68,76
31,-409987362,1,2,25,84,94
31,-409899762,1,65,27,75,85
31,-409899762,2,72,27,88,93
31,-409899746,1,76,38,82,96
31,-409899746,2,80,29,83,94
31,-409899730,1,26,13,83,91
31,-409899730,2,39,13,92,94
31,-409899554,1,66,34,89,96
31,-409899554,2,71,33,87,97
31,-409899538,1,71,40,87,95
31,-409899538,2,84,31,85,91
31,-409899522,1,62,34,84,94
31,-409899522,2,77,28,89,94
31,-124687186,1,143,51,91,97
31,-124686578,1,89,62,89,93
31,-124686578,2,93,63,88,94
31,-124686562,1,93,62,94,97
31,-124686562,2,90,57,93,96
31,-124686546,1,97,78,95,99
31,-124686546,2,95,70,93,98
31,-124686530,1,92,52,92,96
31,-124686530,2,92,51,90,92
31,-124686338,1,146,49,86,90
31,-107997474,1,3,72,95,99
31,-107910130,1,97,70,96,99
31,-107910130,2,95,64,89,95
31,-107909954,1,143,43,90,93
31,-107909938,1,46,100,84,100
31,-107909922,1,111,66,86,96
31,-107909906,1,97,58,91,96
31,-107909906,2,91,68,85,93
31,-107909890,1,98,51,90,94
31,-107909890,2,95,53,83,91
32,-913305970,1,7,26,90,90
32,-913303842,1,2,73,99,100
32,-913299794,1,13,100,90,100
32,-913293954,1,5,40,100,100
32,-913293906,1,17,57,100,100
32,-913289506,1,27,89,97,100
32,-913288370,1,42,38,81,86
32,-426676978,1,169,63,99,100
32,-426676962,1,74,55,96,99
32,-426676946,1,78,51,98,99
32,-426676754,1,172,62,97,99
32,-426676738,1,171,69,97,100
32,1669007758,1,95,73,97,100
32,1669007758,2,111,67,97,99
32,1669007758,3,116,65,96,99
32,1669007758,4,82,63,94,98
32,1669007758,5,87,64,98,100
32,1669008782,1,147,69,95,97
32,1669008782,2,146,71,93,99
32,1669008782,3,150,69,98,99
32,1669008782,4,142,74,90,97
32,1669008782,5,143,70,90,97
32,1669015166,1,18,65,94,98
32,1669015166,2,22,62,97,99
32,1669015166,3,25,62,93,99
32,1669018254,1,125,73,97,98
32,1669018254,2,136,71,95,98
32,1669018254,3,136,73,97,100
32,1669018254,4,141,75,95,99
32,1669018254,5,142,79,93,100
32,1669018254,6,54,67,100,100
32,1669020558,1,84,68,90,94
32,1669020558,2,84,51,89,91
32,1669020558,3,101,50,78,88
32,1669020558,4,98,58,90,93
32,1669020558,5,98,63,85,94
33,-913307266,1,19,45,90,94
33,-913303842,1,4,30,92,94
33,-829330002,1,102,37,81,86
33,-426676978,1,74,25,72,81
33,-426676978,2,70,26,75,83
33,-426676962,1,62,25,56,66
33,-426676962,2,68,17,54,58
33,-426676946,1,71,27,68,77
33,-426676946,2,71,17,72,74
33,-426676754,1,72,39,70,80
33,-426676754,2,72,30,71,79
33,-426676738,1,75,27,70,77
33,-426676738,2,72,40,71,83
33,-409899762,1,69,51,81,87
33,-409899762,2,88,31,76,81
33,-409899746,1,78,46,77,87
33,-409899746,2,85,39,82,85
33,-409899730,1,67,36,88,94
33,-409899730,2,87,40,83,89
33,-409899538,1,66,40,87,92
33,-409899538,2,70,36,83,86
33,-409899522,1,65,47,82,91
33,-409899522,2,74,41,82,92
33,-208660770,1,1,0,100,100
33,-208573154,1,24,7,71,71
33,-208573138,1,27,10,72,76
33,-124687090,1,38,31,79,85
33,-124687090,2,44,34,79,88
33,-124687074,1,40,37,91,93
33,-124687074,2,47,40,83,87
33,-124687058,1,35,25,81,84
33,-124687058,2,36,33,72,77
33,-124686914,1,49,41,85,89
33,-124686914,2,51,32,84,90
33,-124686898,1,51,41,90,95
33,-124686898,2,54,49,86,94
33,-124686882,1,36,37,78,83
33,-124686882,2,39,34,74,84
33,-124686866,1,50,29,87,90
33,-124686866,2,53,37,86,92
33,-124686850,1,41,43,84,90
33,-124686850,2,44,39,85,87
33,-107909874,1,48,21,67,71
33,-107909874,2,46,19,61,70
33,-107909858,1,52,22,74,81
33,-107909858,2,53,20,76,85
33,-107909842,1,46,32,78,87
33,-107909842,2,48,26,78,82
33,-107909698,1,55,30,78,88
33,-107909698,2,52,25,71,78
33,-107909682,1,8,57,78,88
33,-107909682,2,9,63,82,96
33,-107909666,1,24,25,74,78
33,-107909666,2,30,28,69,72
33,-107909650,1,23,26,76,78
33,-107909650,2,28,28,73,77
33,-107909634,1,54,26,79,81
33,-107909634,2,50,19,69,72
33,-7246562,1,66,25,68,74
33,-7246546,1,48,31,80,84
34,-913303842,1,2,61,98,100
34,-913289506,1,2,100,100,100
34,-913288370,1,20,43,95,96
34,-426676978,1,236,82,93,97
34,-426676962,1,221,54,96,98
34,-426676946,1,197,67,96,98
34,-426676738,1,204,62,94,97
34,-409899762,1,28,52,87,93
34,-409899762,2,20,51,77,86
34,-409899746,1,158,33,88,92
34,-409899730,1,157,33,86,90
34,-409899522,1,18,64,91,96
34,-409899522,2,22,45,80,85
34,-124687090,1,205,58,93,95
34,-124687074,1,223,57,95,97
34,-124687058,1,216,76,96,98
34,-124686850,1,214,57,93,96
34,-107909874,1,223,73,94,97
34,-107909858,1,215,49,92,95
34,-107909842,1,186,52,94,97
34,-107909634,1,212,79,92,97
35,-913303842,1,1,84,91,98
35,-913288370,1,12,22,62,66
35,-426676978,1,77,14,67,73
35,-426676978,2,93,14,62,67
35,-426676962,1,49,9,58,61
35,-426676962,2,58,10,56,59
35,-426676946,1,59,12,65,68
35,-426676946,2,65,10,63,66
35,-426676770,1,42,31,53,69
35,-426676770,2,49,28,50,63
35,-426676754,1,39,14,59,63
35,-426676754,2,44,14,51,57
35,-426676738,1,45,11,59,62
35,-426676738,2,53,10,56,59
35,-409899762,1,72,69,78,90
35,-409899762,2,76,75,79,91
35,-409899746,1,68,57,69,88
35,-409899746,2,66,59,75,93
35,-409899730,1,59,50,68,84
35,-409899730,2,67,61,78,90
35,-409899538,1,71,57,77,90
35,-409899538,2,72,61,79,89
35,-409899522,1,37,44,64,79
35,-409899522,2,36,47,60,76
35,-208662898,1,4,29,94,94
35,-208573154,1,45,37,61,78
35,-208573154,2,30,49,51,74
35,-208573138,1,22,100,35,100
35,-208573138,2,11,100,67,100
35,-124687090,1,49,10,48,53
35,-124687090,2,71,8,45,49
35,-124687074,1,46,10,46,50
35,-124687074,2,52,7,44,47
35,-124687058,1,51,6,45,47
35,-124687058,2,60,6,45,47
35,-124686898,1,123,14,48,56
35,-124686882,1,29,22,61,67
35,-124686882,2,37,31,60,72
35,-124686866,1,62,12,51,57
35,-124686866,2,69,12,49,56
35,-124686850,1,47,8,44,47
35,-124686850,2,54,5,40,42
35,-107909874,1,122,16,51,59
35,-107909874,2,92,13,46,52
35,-107909858,1,103,13,61,65
35,-107909858,2,77,11,56,60
35,-107909842,1,122,20,62,69
35,-107909842,2,97,14,59,64
35,-107909634,1,121,19,49,58
35,-107909634,2,90,20,51,59
35,-57578226,1,135,21,63,69
35,-57578210,1,156,20,52,61
35,-57578194,1,159,30,48,63
35,-57577986,1,153,17,63,70
NA,NA,NA,32,22,73,77
